Identificador,Secuencia,Especie
SEQ001,ATCGATCGATCG,Homo sapiens
SEQ002,GCTAGCTAGCTA,Canis lupus familiaris
SEQ003,TTAAGGCTTAAGGCC,Aedes aegypti
SEQ004,CGATCGATCGATCGATCGA,Mus musculus
SEQ005,CCGGAATTCCGGAA,Arabidopsis thaliana
SEQ006,TATATATATATATAT,Escherichia coli
SEQ007,AGTCAGTCAGTCAGTCAGTC,Taeniopygia guttata
SEQ008,ATCGTAGCTAGCTAGCTAGC,Rattus norvegicus
SEQ009,CTGACTGACTGACTGACTGA,Zea mays
SEQ010,GATCGATCGATCGATCGATCG,Macaca mulatta
SEQ011,ACGTACGTACGTACGTACGT,Saccharomyces cerevisiae
SEQ012,TGCAATGCAATGCAATGCAAT,Equus caballus
SEQ013,GTAGTAGTAGTAGTAGTAGTA,Canis familiaris
SEQ014,AGTAGTAGTAGTAGTAGTAGT,Gallus gallus
SEQ015,ATATATATATATATATATAT,Apis mellifera
SEQ016,CGCGCGCGCGCGCGCGCGCG,Drosophila melanogaster
SEQ017,GCGCGCGCGCGCGCGCGCGC,Tetraodon nigroviridis
SEQ018,AGAGAGAGAGAGAGAGAGAG,Aedes albopictus
SEQ019,CTCTCTCTCTCTCTCTCTCT,Oryza sativa
SEQ020,TTTTTTTTTTTTTTTTTTTT,Pan troglodytes