SEQ010,GATCGATCGATCGATCGATCG,Macaca mulatta
SEQ011,ACGTACGTACGTACGTACGT,Saccharomyces cerevisiae
SEQ012,TGCAATGCAATGCAATGCAAT,Equus caballus
SEQ013,GTAGTAGTAGTAGTAGTAGTA,Canis familiaris
SEQ014,AGTAGTAGTAGTAGTAGTAGT,Gallus gallus
SEQ015,ATATATATATATATATATAT,Apis mellifera
SEQ016,CGCGCGCGCGCGCGCGCGCG,Drosophila melanogaster
SEQ017,GCGCGCGCGCGCGCGCGCGC,Tetraodon nigroviridis
SEQ018,AGAGAGAGAGAGAGAGAGAG,Aedes albopictus
SEQ019,CTCTCTCTCTCTCTCTCTCT,Oryza sativa
SEQ020,TTTTTTTTTTTTTTTTTTTT,Pan troglodytes